﻿<?xml version="1.0" encoding="utf-8"?>
<entries>
  <entry time="2015-02-22T05:45:19.1786683Z" id="bc2f3fdc-8f73-4a66-9947-f2a2c658fda8" type="0">
    <message>Updating branch 'master'.</message>
  </entry>
  <entry time="2015-02-22T05:45:21.7883961Z" id="9a850292-bcd1-48ba-9058-3d1cffa5a775" type="0">
    <message>Updating submodules.</message>
  </entry>
  <entry time="2015-02-22T05:45:21.8665214Z" id="c9933dc1-441d-4be0-a6b7-adc375e30417" type="0">
    <message>Preparing deployment for commit id '54588b7f76'.</message>
  </entry>
  <entry time="2015-02-22T05:45:24.8632071Z" id="498c7c47-c88f-451f-93f3-46e5bcba099c" type="0">
    <message>Generating deployment script.</message>
    <entry time="2015-02-22T05:45:24.9257126Z" id="c22cefd5-bec2-4121-884b-e7c0257f92ab" type="0">
      <message>Using cached version of deployment script (command: 'azure -y --no-dot-deployment -r "D:\home\site\repository" -o "D:\home\site\deployments\tools" --node --sitePath "D:\home\site\repository"').</message>
    </entry>
  </entry>
  <entry time="2015-02-22T05:45:25.0210713Z" id="40144d50-8103-4e23-b515-6936e9c112bf" type="0">
    <message>Running deployment command...</message>
    <entry time="2015-02-22T05:45:25.0541614Z" id="26cb4f10-475d-40f4-8c3c-7510db9945e4" type="0">
      <message>Command: "D:\home\site\deployments\tools\deploy.cmd"</message>
    </entry>
    <entry time="2015-02-22T05:45:25.5571591Z" id="f5dfdfa7-b4db-41b4-b44c-ec5685046689" type="0">
      <message>Handling node.js deployment.</message>
    </entry>
    <entry time="2015-02-22T05:45:33.9458342Z" id="ebe69117-095c-469e-a2fa-6d67004e68ff" type="0">
      <message>KuduSync.NET from: 'D:\home\site\repository' to: 'D:\home\site\wwwroot'</message>
    </entry>
    <entry time="2015-02-22T05:45:33.9930443Z" id="d7b6d372-b3c9-4264-b24e-8240d85d2820" type="0">
      <message>Copying file: 'web.config'</message>
    </entry>
    <entry time="2015-02-22T05:45:34.0239181Z" id="c409f706-b918-463b-89a8-ea4e5f683ea2" type="0">
      <message>Copying file: 'public\data\civic.json'</message>
    </entry>
    <entry time="2015-02-22T05:45:34.0395402Z" id="cf5ac312-c9ee-4a77-86d3-09333427f51b" type="0">
      <message>Copying file: 'routes\database.js'</message>
    </entry>
    <entry time="2015-02-22T05:45:34.1957861Z" id="2f0cbb88-a3c0-4410-96ba-4f5565c7a50e" type="0">
      <message>The package.json file does not specify node.js engine version constraints.</message>
    </entry>
    <entry time="2015-02-22T05:45:34.2270394Z" id="a547ed0e-35f5-4692-8efe-8e60ef104552" type="0">
      <message>The node.js application will run with the default node.js version 0.10.32.</message>
    </entry>
    <entry time="2015-02-22T05:45:39.9017927Z" id="ad7c8278-fe63-4b21-be6c-dc0e61e38102" type="0">
      <message>Finished successfully.</message>
    </entry>
  </entry>
  <entry time="2015-02-22T05:45:39.9983572Z" id="69cc3fa4-cb1f-4550-ade5-42d3c7424b7b" type="0">
    <message>Deployment successful.</message>
  </entry>
</entries>