﻿<?xml version="1.0" encoding="utf-8"?>
<deployment>
  <id>54588b7f760f6f8fa9deb447ee79fa87a82ffdaf</id>
  <author>Ken Chan</author>
  <deployer>microsoftny</deployer>
  <authorEmail>kchan923@gmail.com</authorEmail>
  <message>initial commit</message>
  <progress></progress>
  <status>Success</status>
  <statusText></statusText>
  <lastSuccessEndTime>2015-02-22T05:45:40.029587Z</lastSuccessEndTime>
  <receivedTime>2015-02-22T05:45:19.0364394Z</receivedTime>
  <startTime>2015-02-22T05:45:21.89777Z</startTime>
  <endTime>2015-02-22T05:45:40.029587Z</endTime>
  <complete>True</complete>
  <is_temp>False</is_temp>
  <is_readonly>False</is_readonly>
</deployment>