﻿<?xml version="1.0" encoding="utf-8"?>
<entries>
  <entry time="2015-02-22T05:57:52.0643652Z" id="2e6fe6aa-4cca-43b8-a969-fdd4f075e518" type="0">
    <message>Updating branch 'master'.</message>
  </entry>
  <entry time="2015-02-22T05:57:54.528954Z" id="e6b2afe3-18eb-4831-87eb-882c9b795182" type="0">
    <message>Updating submodules.</message>
  </entry>
  <entry time="2015-02-22T05:57:54.6330447Z" id="f0fb8ffd-4ade-4a72-a98e-94de1b1efc11" type="0">
    <message>Preparing deployment for commit id 'b5cf53e83d'.</message>
  </entry>
  <entry time="2015-02-22T05:57:59.9780447Z" id="0e901e3e-52a2-4545-8717-a09b1f58587b" type="0">
    <message>Generating deployment script.</message>
    <entry time="2015-02-22T05:58:00.0561734Z" id="1d554a88-86ae-44a4-b9c9-383a5b32e8b6" type="0">
      <message>Using cached version of deployment script (command: 'azure -y --no-dot-deployment -r "D:\home\site\repository" -o "D:\home\site\deployments\tools" --node --sitePath "D:\home\site\repository"').</message>
    </entry>
  </entry>
  <entry time="2015-02-22T05:58:00.1811633Z" id="3408f381-a12b-42af-9850-e15a27347d0b" type="0">
    <message>Running deployment command...</message>
    <entry time="2015-02-22T05:58:00.2124126Z" id="45fbca4d-be59-4a29-8b59-5359b964d3d7" type="0">
      <message>Command: "D:\home\site\deployments\tools\deploy.cmd"</message>
    </entry>
    <entry time="2015-02-22T05:58:00.7749026Z" id="2b19657a-8db8-421a-97b9-34c89bcb9efb" type="0">
      <message>Handling node.js deployment.</message>
    </entry>
    <entry time="2015-02-22T05:58:09.7076634Z" id="dba65d95-a1c0-4cac-8886-ebd8ca6b7f18" type="0">
      <message>KuduSync.NET from: 'D:\home\site\repository' to: 'D:\home\site\wwwroot'</message>
    </entry>
    <entry time="2015-02-22T05:58:09.7389248Z" id="d6e6d0dd-9ede-4397-9a93-4d8af71a5c3b" type="0">
      <message>Copying file: 'web.config'</message>
    </entry>
    <entry time="2015-02-22T05:58:09.7545358Z" id="687bd141-0196-4646-b2c6-1207a0febb8d" type="0">
      <message>Copying file: 'public\data\civic.json'</message>
    </entry>
    <entry time="2015-02-22T05:58:09.7886651Z" id="9acf3e05-c74e-467b-98da-0b390a457c5c" type="0">
      <message>Copying file: 'routes\database.js'</message>
    </entry>
    <entry time="2015-02-22T05:58:09.9136638Z" id="9f58a753-4744-4d2f-82ad-474723e0df8f" type="0">
      <message>The package.json file does not specify node.js engine version constraints.</message>
    </entry>
    <entry time="2015-02-22T05:58:09.9449128Z" id="6572b48a-38e9-4c8b-bf29-3b34cd77447f" type="0">
      <message>The node.js application will run with the default node.js version 0.10.32.</message>
    </entry>
    <entry time="2015-02-22T05:58:15.5692124Z" id="f672c22b-0de6-49d8-a1e7-4064da4a9495" type="0">
      <message>Finished successfully.</message>
    </entry>
  </entry>
  <entry time="2015-02-22T05:58:15.6534115Z" id="9000e63d-2aca-4927-ae13-8773cf028f90" type="0">
    <message>Deployment successful.</message>
  </entry>
</entries>