﻿<?xml version="1.0" encoding="utf-8"?>
<deployment>
  <id>b5cf53e83d509409326c2e3b67b65319796bda4e</id>
  <author>Ken Chan</author>
  <deployer>microsoftny</deployer>
  <authorEmail>kchan923@gmail.com</authorEmail>
  <message>initial commit</message>
  <progress></progress>
  <status>Success</status>
  <statusText></statusText>
  <lastSuccessEndTime>2015-02-22T05:58:15.6865426Z</lastSuccessEndTime>
  <receivedTime>2015-02-22T05:57:51.8612471Z</receivedTime>
  <startTime>2015-02-22T05:57:54.6642977Z</startTime>
  <endTime>2015-02-22T05:58:15.6865426Z</endTime>
  <complete>True</complete>
  <is_temp>False</is_temp>
  <is_readonly>False</is_readonly>
</deployment>