﻿<?xml version="1.0" encoding="utf-8"?>
<entries>
  <entry time="2015-02-21T21:58:30.2796989Z" id="7e1a4996-e87d-406b-b8a6-d385b6514827" type="0">
    <message>Updating branch 'master'.</message>
  </entry>
  <entry time="2015-02-21T21:58:32.9289282Z" id="3c174246-f82e-4959-90d5-0c8cdcce37b5" type="0">
    <message>Updating submodules.</message>
  </entry>
  <entry time="2015-02-21T21:58:33.0226583Z" id="8f7c0962-13e9-4392-818a-d6f535ae370d" type="0">
    <message>Preparing deployment for commit id 'c030955f9f'.</message>
  </entry>
  <entry time="2015-02-21T21:58:37.7357498Z" id="23e6089a-cd6f-4131-8c51-eb594759a9bc" type="0">
    <message>Generating deployment script.</message>
    <entry time="2015-02-21T21:58:37.813858Z" id="19fb90a4-ea8f-4d74-bb93-b7a19090b845" type="0">
      <message>Using cached version of deployment script (command: 'azure -y --no-dot-deployment -r "D:\home\site\repository" -o "D:\home\site\deployments\tools" --node --sitePath "D:\home\site\repository"').</message>
    </entry>
  </entry>
  <entry time="2015-02-21T21:58:37.8959953Z" id="87742f47-da5a-4dc0-a589-53c5c53e5642" type="0">
    <message>Running deployment command...</message>
    <entry time="2015-02-21T21:58:37.9116197Z" id="477b4dce-e0c1-4755-a654-653b8750a5be" type="0">
      <message>Command: "D:\home\site\deployments\tools\deploy.cmd"</message>
    </entry>
    <entry time="2015-02-21T21:58:38.5365992Z" id="e9e68ec0-9772-4d73-9550-0723a8c2cbe6" type="0">
      <message>Handling node.js deployment.</message>
    </entry>
    <entry time="2015-02-21T21:58:50.0761718Z" id="6dd743fc-9364-4a36-84f5-d8e641cf1911" type="0">
      <message>KuduSync.NET from: 'D:\home\site\repository' to: 'D:\home\site\wwwroot'</message>
    </entry>
    <entry time="2015-02-21T21:58:50.1230477Z" id="e50679da-6968-4f79-95f6-ccadb10ab93c" type="0">
      <message>Copying file: 'renderJSON.zip'</message>
    </entry>
    <entry time="2015-02-21T21:58:50.1855466Z" id="edde95dd-a582-4843-9615-6d45a7914dfd" type="0">
      <message>Copying file: 'web.config'</message>
    </entry>
    <entry time="2015-02-21T21:58:50.3730491Z" id="471c7e26-d86f-456e-98db-d9817b54d506" type="0">
      <message>Deleting file: 'renderJSON\render.js'</message>
    </entry>
    <entry time="2015-02-21T21:58:50.4199163Z" id="7e020d2b-44d6-440d-84e2-6b5d83150131" type="0">
      <message>Deleting directory: 'renderJSON'</message>
    </entry>
    <entry time="2015-02-21T21:58:50.4582969Z" id="6d7f6dc5-1d58-48b7-ae61-698b921e92aa" type="0">
      <message>Copying file: 'public\data\civic.json'</message>
    </entry>
    <entry time="2015-02-21T21:58:50.4784505Z" id="d0ce62d3-660a-40f2-ba82-cfc99d45190c" type="0">
      <message>Copying file: 'routes\database.js'</message>
    </entry>
    <entry time="2015-02-21T21:58:50.6034744Z" id="c4b119f5-0fb7-4b88-85e6-c242d2a1684c" type="0">
      <message>The package.json file does not specify node.js engine version constraints.</message>
    </entry>
    <entry time="2015-02-21T21:58:50.6972098Z" id="f9ce5659-952d-4f40-a538-10fbbef341fa" type="0">
      <message>The node.js application will run with the default node.js version 0.10.32.</message>
    </entry>
    <entry time="2015-02-21T21:58:58.4209691Z" id="6d755ed7-f49c-4388-9098-12a6efbff56a" type="0">
      <message>Finished successfully.</message>
    </entry>
  </entry>
  <entry time="2015-02-21T21:58:58.5261699Z" id="6803fd1e-82b2-46a3-9d9b-fda1b2b1629b" type="0">
    <message>Deployment successful.</message>
  </entry>
</entries>