﻿<?xml version="1.0" encoding="utf-8"?>
<deployment>
  <id>c030955f9f82bf55af52df9898c0e912853bcf4f</id>
  <author>Ken Chan</author>
  <deployer>microsoftny</deployer>
  <authorEmail>kchan923@gmail.com</authorEmail>
  <message>initial commit</message>
  <progress></progress>
  <status>Success</status>
  <statusText></statusText>
  <lastSuccessEndTime>2015-02-21T21:58:58.5887135Z</lastSuccessEndTime>
  <receivedTime>2015-02-21T21:58:30.1078292Z</receivedTime>
  <startTime>2015-02-21T21:58:33.085615Z</startTime>
  <endTime>2015-02-21T21:58:58.5887135Z</endTime>
  <complete>True</complete>
  <is_temp>False</is_temp>
  <is_readonly>False</is_readonly>
</deployment>