<Events><Event><System><Provider Name="ASP.NET 4.0.30319.0"/><EventID>1309</EventID><Level>2</Level><Task>0</Task><Keywords>Keywords</Keywords><TimeCreated SystemTime="2015-02-03T20:12:26Z"/><EventRecordID>1734565093</EventRecordID><Channel>Application</Channel><Computer>RD00155DC281C1</Computer><Security/></System><EventData><Data>3005</Data><Data>An unhandled exception has occurred.</Data><Data>2/3/2015 8:12:26 PM</Data><Data>2/3/2015 8:12:26 PM</Data><Data>6a946753489e462894a50878cd7e0af6</Data><Data>90</Data><Data>1</Data><Data>0</Data><Data>/LM/W3SVC/2028121980/ROOT-1-130674675542494090</Data><Data>Full</Data><Data>/</Data><Data>D:\Program Files (x86)\SiteExtensions\Kudu\42.40114.1341\</Data><Data>RD00155DC281C1</Data><Data></Data><Data>3288</Data><Data>w3wp.exe</Data><Data>IIS APPPOOL\civicinsight</Data><Data>CommandLineException</Data><Data>Command 'git.exe upload-pack --s ...' aborted due to no output and CPU activity for 60 seconds.  You may increase SCM_COMMAND_IDLE_TIMEOUT setting to solve the issue.
git.exe upload-pack --stateless-rpc "D:\home\site\repository"
   at Kudu.Core.Infrastructure.IdleManager.WaitForExit(IProcess process)
   at Kudu.Core.Infrastructure.ProcessExtensions.&lt;Start&gt;d__a.MoveNext()
--- End of stack trace from previous location where exception was thrown ---
   at System.Runtime.CompilerServices.TaskAwaiter.ThrowForNonSuccess(Task task)
   at System.Runtime.CompilerServices.TaskAwaiter.HandleNonSuccessAndDebuggerNotification(Task task)
   at Kudu.Core.Infrastructure.Executable.&lt;ExecuteAsync&gt;d__1d.MoveNext()

</Data><Data>https://civicinsight.scm.azurewebsites.net:443/civicinsight.git/git-upload-pack</Data><Data>/civicinsight.git/git-upload-pack</Data><Data>131.107.200.34</Data><Data></Data><Data>False</Data><Data></Data><Data>IIS APPPOOL\civicinsight</Data><Data>6</Data><Data>IIS APPPOOL\civicinsight</Data><Data>False</Data><Data>   at Kudu.Core.Infrastructure.IdleManager.WaitForExit(IProcess process)
   at Kudu.Core.Infrastructure.ProcessExtensions.&lt;Start&gt;d__a.MoveNext()
--- End of stack trace from previous location where exception was thrown ---
   at System.Runtime.CompilerServices.TaskAwaiter.ThrowForNonSuccess(Task task)
   at System.Runtime.CompilerServices.TaskAwaiter.HandleNonSuccessAndDebuggerNotification(Task task)
   at Kudu.Core.Infrastructure.Executable.&lt;ExecuteAsync&gt;d__1d.MoveNext()
</Data></EventData></Event><Event><System><Provider Name="ASP.NET 4.0.30319.0"/><EventID>1301</EventID><Level>3</Level><Task>0</Task><Keywords>Keywords</Keywords><TimeCreated SystemTime="2015-02-03T20:12:26Z"/><EventRecordID>1734565109</EventRecordID><Channel>Application</Channel><Computer>RD00155DC281C1</Computer><Security/></System><EventData><Data>EventLogProvider</Data><Data>/</Data><Data>System.Web.HttpException (0x80004005): The EventLogWebEventProvider provider failed to log an event with the error code 0xC00CE558.
   at System.Web.Management.EventLogWebEventProvider.ProcessEvent(WebBaseEvent eventRaised)
   at System.Web.Management.WebBaseEvent.RaiseInternal(WebBaseEvent eventRaised, ArrayList firingRuleInfos, Int32 index0, Int32 index1)</Data></EventData></Event></Events>
