﻿<?xml version="1.0" encoding="utf-8"?>
<entries>
  <entry time="2015-02-22T07:13:14.2242005Z" id="708ef5a0-9f94-4ca6-96e0-4c7e5a2c25e7" type="0">
    <message>Updating branch 'master'.</message>
  </entry>
  <entry time="2015-02-22T07:13:17.1713397Z" id="c8b86e41-f6cb-45ad-bf1c-f76ee7b4c6cc" type="0">
    <message>Updating submodules.</message>
  </entry>
  <entry time="2015-02-22T07:13:17.2504462Z" id="18683a64-5abf-49f1-aba0-159345faf437" type="0">
    <message>Preparing deployment for commit id 'c19943b4e2'.</message>
  </entry>
  <entry time="2015-02-22T07:13:21.3556896Z" id="46b886a2-0eaf-48b8-b602-251a933fa8b1" type="0">
    <message>Generating deployment script.</message>
    <entry time="2015-02-22T07:13:21.4494668Z" id="b1f8b5f6-4bf0-4c8c-931e-3c5bc54e9e3b" type="0">
      <message>Using cached version of deployment script (command: 'azure -y --no-dot-deployment -r "D:\home\site\repository" -o "D:\home\site\deployments\tools" --node --sitePath "D:\home\site\repository"').</message>
    </entry>
  </entry>
  <entry time="2015-02-22T07:13:21.5963754Z" id="b2656d7d-7a09-401e-891a-bf2b656321e6" type="0">
    <message>Running deployment command...</message>
    <entry time="2015-02-22T07:13:21.627627Z" id="0191eb83-5eb0-457a-8506-a6044475fa5c" type="0">
      <message>Command: "D:\home\site\deployments\tools\deploy.cmd"</message>
    </entry>
    <entry time="2015-02-22T07:13:22.1432586Z" id="b996cb0f-fecd-410d-af20-dda9ef6417dc" type="0">
      <message>Handling node.js deployment.</message>
    </entry>
    <entry time="2015-02-22T07:13:30.702274Z" id="e8baa31b-589a-4bea-991b-1a34964985b6" type="0">
      <message>KuduSync.NET from: 'D:\home\site\repository' to: 'D:\home\site\wwwroot'</message>
    </entry>
    <entry time="2015-02-22T07:13:30.7335288Z" id="f9b128c8-551f-4914-9807-f4d31919432b" type="0">
      <message>Copying file: 'web.config'</message>
    </entry>
    <entry time="2015-02-22T07:13:30.7647752Z" id="b643bda7-2363-4c3e-8a82-34945f8dd48c" type="0">
      <message>Copying file: 'public\data\civic.json'</message>
    </entry>
    <entry time="2015-02-22T07:13:30.7804003Z" id="e6175fce-0e0a-4f96-8987-714fa44a6fba" type="0">
      <message>Copying file: 'routes\database.js'</message>
    </entry>
    <entry time="2015-02-22T07:13:30.8897735Z" id="ccd37c06-2359-45b5-a4ea-67189b829f98" type="0">
      <message>The package.json file does not specify node.js engine version constraints.</message>
    </entry>
    <entry time="2015-02-22T07:13:30.9210216Z" id="13c77f7a-80c9-4962-952a-0fcb8eb4317a" type="0">
      <message>The node.js application will run with the default node.js version 0.10.32.</message>
    </entry>
    <entry time="2015-02-22T07:13:36.9839033Z" id="d99bc72c-7219-4342-ba41-6ff6600062f9" type="0">
      <message>Finished successfully.</message>
    </entry>
  </entry>
  <entry time="2015-02-22T07:13:37.1401588Z" id="db80f9a0-5437-4fd7-9b5a-87cb8c3ce436" type="0">
    <message>Deployment successful.</message>
  </entry>
</entries>