﻿<?xml version="1.0" encoding="utf-8"?>
<deployment>
  <id>c19943b4e2a9db27724576484a0a994f570b978d</id>
  <author>Ken Chan</author>
  <deployer>microsoftny</deployer>
  <authorEmail>kchan923@gmail.com</authorEmail>
  <message>initial commit</message>
  <progress></progress>
  <status>Success</status>
  <statusText></statusText>
  <lastSuccessEndTime>2015-02-22T07:13:37.2183118Z</lastSuccessEndTime>
  <receivedTime>2015-02-22T07:13:14.0679798Z</receivedTime>
  <startTime>2015-02-22T07:13:17.2988795Z</startTime>
  <endTime>2015-02-22T07:13:37.2183118Z</endTime>
  <complete>True</complete>
  <is_temp>False</is_temp>
  <is_readonly>False</is_readonly>
</deployment>