﻿<?xml version="1.0" encoding="utf-8"?>
<entries>
  <entry time="2015-02-22T04:57:47.6771722Z" id="991b9a12-153c-4b69-85c1-f6526d79eda5" type="0">
    <message>Updating branch 'master'.</message>
  </entry>
  <entry time="2015-02-22T04:57:51.426492Z" id="2792fd56-3a03-40f4-aa43-4e6e1559d73d" type="0">
    <message>Updating submodules.</message>
  </entry>
  <entry time="2015-02-22T04:57:51.5040811Z" id="68388ff3-e0db-4bae-ace8-fbfbf8c955cd" type="0">
    <message>Preparing deployment for commit id '560cb482be'.</message>
  </entry>
  <entry time="2015-02-22T04:57:55.3322722Z" id="c5d7bf7f-6b60-49a7-8538-c9742385fc31" type="0">
    <message>Generating deployment script.</message>
    <entry time="2015-02-22T04:57:55.4045657Z" id="21361fd4-a855-48da-a536-ebb37240d0aa" type="0">
      <message>Using cached version of deployment script (command: 'azure -y --no-dot-deployment -r "D:\home\site\repository" -o "D:\home\site\deployments\tools" --node --sitePath "D:\home\site\repository"').</message>
    </entry>
  </entry>
  <entry time="2015-02-22T04:57:55.4826892Z" id="00d87682-5b20-4b75-ac92-68b9c079b104" type="0">
    <message>Running deployment command...</message>
    <entry time="2015-02-22T04:57:55.4982719Z" id="25f107e7-eaba-410a-8b4e-baf4411eb61c" type="0">
      <message>Command: "D:\home\site\deployments\tools\deploy.cmd"</message>
    </entry>
    <entry time="2015-02-22T04:57:56.0607643Z" id="128b352f-d022-4968-90b5-1bc71a529bad" type="0">
      <message>Handling node.js deployment.</message>
    </entry>
    <entry time="2015-02-22T04:58:05.984914Z" id="4614694f-1294-457b-95c4-a6cc94e32542" type="0">
      <message>KuduSync.NET from: 'D:\home\site\repository' to: 'D:\home\site\wwwroot'</message>
    </entry>
    <entry time="2015-02-22T04:58:06.1202502Z" id="f643818f-da2f-4f35-bda8-f2eebe845d73" type="0">
      <message>Copying file: 'web.config'</message>
    </entry>
    <entry time="2015-02-22T04:58:06.1671333Z" id="5756c2d7-9b72-4a6d-9904-70aa9b36fc9d" type="0">
      <message>Copying file: 'public\data\civic.json'</message>
    </entry>
    <entry time="2015-02-22T04:58:06.2296232Z" id="530c07bc-c074-475a-ac81-16a3f0743be0" type="0">
      <message>Copying file: 'routes\database.js'</message>
    </entry>
    <entry time="2015-02-22T04:58:06.2765068Z" id="f7dd4355-5bde-4272-8cf8-d4867365d349" type="0">
      <message>The package.json file does not specify node.js engine version constraints.</message>
    </entry>
    <entry time="2015-02-22T04:58:06.3233751Z" id="da60e847-32f8-466a-a085-a950017265df" type="0">
      <message>The node.js application will run with the default node.js version 0.10.32.</message>
    </entry>
    <entry time="2015-02-22T04:58:13.8250381Z" id="5212de20-2efb-484e-aa9c-fc33bee90f6a" type="0">
      <message>Finished successfully.</message>
    </entry>
  </entry>
  <entry time="2015-02-22T04:58:13.9340242Z" id="816d6e32-4318-48e5-b6e5-0e972bf5f68c" type="0">
    <message>Deployment successful.</message>
  </entry>
</entries>