﻿<?xml version="1.0" encoding="utf-8"?>
<deployment>
  <id>560cb482be7820d779becb6d0ab6f8cb5cae3336</id>
  <author>Ken Chan</author>
  <deployer>microsoftny</deployer>
  <authorEmail>kchan923@gmail.com</authorEmail>
  <message>initial commit</message>
  <progress></progress>
  <status>Success</status>
  <statusText></statusText>
  <lastSuccessEndTime>2015-02-22T04:58:13.9652731Z</lastSuccessEndTime>
  <receivedTime>2015-02-22T04:57:47.31385Z</receivedTime>
  <startTime>2015-02-22T04:57:51.5353412Z</startTime>
  <endTime>2015-02-22T04:58:13.9652731Z</endTime>
  <complete>True</complete>
  <is_temp>False</is_temp>
  <is_readonly>False</is_readonly>
</deployment>