﻿<?xml version="1.0" encoding="utf-8"?>
<entries>
  <entry time="2015-02-21T16:43:56.6189996Z" id="8667de41-15ad-4b69-beac-5f68579904f5" type="0">
    <message>Updating branch 'master'.</message>
  </entry>
  <entry time="2015-02-21T16:43:59.2833118Z" id="45cf3ed2-746d-4001-9238-53cbc6bbd4c4" type="0">
    <message>Updating submodules.</message>
  </entry>
  <entry time="2015-02-21T16:43:59.3515998Z" id="899c16d1-aa13-488f-86a5-3ffbceae957f" type="0">
    <message>Preparing deployment for commit id 'c0b21056fd'.</message>
  </entry>
  <entry time="2015-02-21T16:44:03.0741945Z" id="eb478e70-8cf5-4663-a417-8209313fbf06" type="0">
    <message>Generating deployment script.</message>
    <entry time="2015-02-21T16:44:03.152398Z" id="38779b94-94c0-4e88-a00c-9f76a95c4243" type="0">
      <message>Using cached version of deployment script (command: 'azure -y --no-dot-deployment -r "D:\home\site\repository" -o "D:\home\site\deployments\tools" --node --sitePath "D:\home\site\repository"').</message>
    </entry>
  </entry>
  <entry time="2015-02-21T16:44:03.2282733Z" id="76c3ffdb-37f4-4ae3-930a-c2d38b0b39de" type="0">
    <message>Running deployment command...</message>
    <entry time="2015-02-21T16:44:03.2439081Z" id="06aa8117-b8f8-437d-b351-c5b3f3b73e7c" type="0">
      <message>Command: "D:\home\site\deployments\tools\deploy.cmd"</message>
    </entry>
    <entry time="2015-02-21T16:44:03.8583307Z" id="b300c54b-48ea-410f-8f9a-3a5ec5ff33a4" type="0">
      <message>Handling node.js deployment.</message>
    </entry>
    <entry time="2015-02-21T16:44:13.8103247Z" id="92bc4201-dd6f-4dee-ab54-d0115e2eb76f" type="0">
      <message>KuduSync.NET from: 'D:\home\site\repository' to: 'D:\home\site\wwwroot'</message>
    </entry>
    <entry time="2015-02-21T16:44:13.8884401Z" id="63812a5e-e5c6-43e3-835d-883eca559aa9" type="0">
      <message>Copying file: 'mysqllocal.js'</message>
    </entry>
    <entry time="2015-02-21T16:44:13.9196895Z" id="cfa41b09-935e-451b-99db-3a4ead3f12dd" type="0">
      <message>Copying file: 'renderJSON.zip'</message>
    </entry>
    <entry time="2015-02-21T16:44:14.0134407Z" id="5c254ccb-cf39-4e30-974a-c30a0e1936f0" type="0">
      <message>Copying file: 'web.config'</message>
    </entry>
    <entry time="2015-02-21T16:44:14.0603122Z" id="0eb70235-e002-4d8e-b2b4-f8f7feba9dde" type="0">
      <message>Copying file: 'public\data\civic.json'</message>
    </entry>
    <entry time="2015-02-21T16:44:14.1072131Z" id="692f724c-94a2-4052-a21a-a8dc9dcddc45" type="0">
      <message>Copying file: 'renderJSON\render.js'</message>
    </entry>
    <entry time="2015-02-21T16:44:14.1483807Z" id="b53d4551-8ea8-4b24-8a85-373bdf77d7cd" type="0">
      <message>Copying file: 'routes\database.js'</message>
    </entry>
    <entry time="2015-02-21T16:44:14.1778342Z" id="890d2afd-9883-4d11-b6de-6c163af27598" type="0">
      <message>Copying file: 'routes\database_alt.js'</message>
    </entry>
    <entry time="2015-02-21T16:44:14.349707Z" id="b2a47a61-6a64-49f5-9824-b9926fd4cb46" type="0">
      <message>The package.json file does not specify node.js engine version constraints.</message>
    </entry>
    <entry time="2015-02-21T16:44:14.3965836Z" id="26b2c31a-76c8-4861-80d0-88a0a09805a8" type="0">
      <message>The node.js application will run with the default node.js version 0.10.32.</message>
    </entry>
    <entry time="2015-02-21T16:44:22.2449996Z" id="7b218f84-68af-4546-b051-414bd35ebcba" type="0">
      <message>Finished successfully.</message>
    </entry>
  </entry>
  <entry time="2015-02-21T16:44:22.3395658Z" id="c90e9e4a-b2f5-43e9-93d8-d64a06f53418" type="0">
    <message>Deployment successful.</message>
  </entry>
</entries>