﻿<?xml version="1.0" encoding="utf-8"?>
<deployment>
  <id>c0b21056fd19fe10cb2e727fd034fec1bc826627</id>
  <author>Ken Chan</author>
  <deployer>microsoftny</deployer>
  <authorEmail>kchan923@gmail.com</authorEmail>
  <message>initial commit</message>
  <progress></progress>
  <status>Success</status>
  <statusText></statusText>
  <lastSuccessEndTime>2015-02-21T16:44:22.3719305Z</lastSuccessEndTime>
  <receivedTime>2015-02-21T16:43:56.465816Z</receivedTime>
  <startTime>2015-02-21T16:43:59.384154Z</startTime>
  <endTime>2015-02-21T16:44:22.3719305Z</endTime>
  <complete>True</complete>
  <is_temp>False</is_temp>
  <is_readonly>False</is_readonly>
</deployment>