﻿<?xml version="1.0" encoding="utf-8"?>
<entries>
  <entry time="2015-02-22T06:54:19.2112076Z" id="051b77c6-074b-44f2-adeb-32dffb2497a6" type="0">
    <message>Updating branch 'master'.</message>
  </entry>
  <entry time="2015-02-22T06:54:21.9128011Z" id="15d58892-3773-4499-a49c-3d25de4b7633" type="0">
    <message>Updating submodules.</message>
  </entry>
  <entry time="2015-02-22T06:54:21.9762485Z" id="9d3c1fb7-2378-4131-b52b-893c94a54e16" type="0">
    <message>Preparing deployment for commit id '68b666f7c5'.</message>
  </entry>
  <entry time="2015-02-22T06:54:26.2284739Z" id="701050ba-3eb5-499f-9d40-4677685a01a5" type="0">
    <message>Generating deployment script.</message>
    <entry time="2015-02-22T06:54:26.2753967Z" id="33382972-1a94-4c26-930f-c45f101f8ae5" type="0">
      <message>Using cached version of deployment script (command: 'azure -y --no-dot-deployment -r "D:\home\site\repository" -o "D:\home\site\deployments\tools" --node --sitePath "D:\home\site\repository"').</message>
    </entry>
  </entry>
  <entry time="2015-02-22T06:54:26.3556318Z" id="b4a67704-575b-417d-99b3-d87639b32c84" type="0">
    <message>Running deployment command...</message>
    <entry time="2015-02-22T06:54:26.3712781Z" id="58f928fe-53f0-4e33-87c0-d2fc324ff88a" type="0">
      <message>Command: "D:\home\site\deployments\tools\deploy.cmd"</message>
    </entry>
    <entry time="2015-02-22T06:54:26.8519427Z" id="382f6559-c580-4907-b4fb-7ddcfa2bedde" type="0">
      <message>Handling node.js deployment.</message>
    </entry>
    <entry time="2015-02-22T06:54:38.4858525Z" id="b83e558d-4fd0-4e33-a43c-c7973b8e9b62" type="0">
      <message>KuduSync.NET from: 'D:\home\site\repository' to: 'D:\home\site\wwwroot'</message>
    </entry>
    <entry time="2015-02-22T06:54:38.5170661Z" id="dce244ba-d658-4881-9a60-adf52d31cd99" type="0">
      <message>Copying file: 'web.config'</message>
    </entry>
    <entry time="2015-02-22T06:54:38.5483331Z" id="d59d6757-a337-4356-a2bb-377334883d1d" type="0">
      <message>Copying file: 'public\scripts\visualization.min.js'</message>
    </entry>
    <entry time="2015-02-22T06:54:38.6733143Z" id="dfed975e-13af-4d75-8e4c-3f7e13d4471a" type="0">
      <message>The package.json file does not specify node.js engine version constraints.</message>
    </entry>
    <entry time="2015-02-22T06:54:38.7045682Z" id="261e8b1b-8c50-4e61-bafc-fb033dfe88ed" type="0">
      <message>The node.js application will run with the default node.js version 0.10.32.</message>
    </entry>
    <entry time="2015-02-22T06:54:44.5889656Z" id="e606027d-caf9-46b6-9661-607e59606ac6" type="0">
      <message>Finished successfully.</message>
    </entry>
  </entry>
  <entry time="2015-02-22T06:54:44.7138069Z" id="22a12902-e25b-405a-82d1-412582b6d495" type="0">
    <message>Deployment successful.</message>
  </entry>
</entries>