﻿<?xml version="1.0" encoding="utf-8"?>
<deployment>
  <id>68b666f7c54b11ace658d3b2dc03d348cf9a199c</id>
  <author>Ken Chan</author>
  <deployer>microsoftny</deployer>
  <authorEmail>kchan923@gmail.com</authorEmail>
  <message>initial commit</message>
  <progress></progress>
  <status>Success</status>
  <statusText></statusText>
  <lastSuccessEndTime>2015-02-22T06:54:44.7763079Z</lastSuccessEndTime>
  <receivedTime>2015-02-22T06:54:19.0691516Z</receivedTime>
  <startTime>2015-02-22T06:54:22.0074966Z</startTime>
  <endTime>2015-02-22T06:54:44.7763079Z</endTime>
  <complete>True</complete>
  <is_temp>False</is_temp>
  <is_readonly>False</is_readonly>
</deployment>