﻿<?xml version="1.0" encoding="utf-8"?>
<entries>
  <entry time="2015-02-22T06:53:04.6469458Z" id="882dbfc4-356d-4036-b28f-4d8cfbb1b0a0" type="0">
    <message>Updating branch 'master'.</message>
  </entry>
  <entry time="2015-02-22T06:53:07.582353Z" id="b1b68230-706f-4177-9490-04f2e5d24d1e" type="0">
    <message>Updating submodules.</message>
  </entry>
  <entry time="2015-02-22T06:53:07.6626528Z" id="7bb111cb-5a88-4093-b925-48925b274665" type="0">
    <message>Preparing deployment for commit id 'ce0a84b59e'.</message>
  </entry>
  <entry time="2015-02-22T06:53:11.8242027Z" id="48a2fedc-4924-4c78-a60d-445c8eb4ca0a" type="0">
    <message>Generating deployment script.</message>
    <entry time="2015-02-22T06:53:11.9022842Z" id="402b4959-0815-4819-8908-062a40a796b8" type="0">
      <message>Using cached version of deployment script (command: 'azure -y --no-dot-deployment -r "D:\home\site\repository" -o "D:\home\site\deployments\tools" --node --sitePath "D:\home\site\repository"').</message>
    </entry>
  </entry>
  <entry time="2015-02-22T06:53:11.9688504Z" id="9b270d8a-e5ee-4a4f-a3bf-fe60f5b1f8a9" type="0">
    <message>Running deployment command...</message>
    <entry time="2015-02-22T06:53:11.9845292Z" id="2c3b5032-68e3-40cd-885e-9e3ec4ec0b4c" type="0">
      <message>Command: "D:\home\site\deployments\tools\deploy.cmd"</message>
    </entry>
    <entry time="2015-02-22T06:53:12.486354Z" id="e583a43a-a933-41e5-83e3-1ab7c30f9f2a" type="0">
      <message>Handling node.js deployment.</message>
    </entry>
    <entry time="2015-02-22T06:53:22.3621337Z" id="7f9ac7c8-605f-4a70-8aec-cd7f29e84087" type="0">
      <message>KuduSync.NET from: 'D:\home\site\repository' to: 'D:\home\site\wwwroot'</message>
    </entry>
    <entry time="2015-02-22T06:53:22.3934255Z" id="767cfe80-3b71-40c4-b18b-0ca683727244" type="0">
      <message>Copying file: 'web.config'</message>
    </entry>
    <entry time="2015-02-22T06:53:22.4253222Z" id="6807c8a4-dd11-42d1-b8f8-e1424cdb83a0" type="0">
      <message>Copying file: 'public\data\civic.json'</message>
    </entry>
    <entry time="2015-02-22T06:53:22.5347051Z" id="bff33ef3-2ae2-4533-b6b2-f4db17e09c22" type="0">
      <message>Copying file: 'public\scripts\visualization.js'</message>
    </entry>
    <entry time="2015-02-22T06:53:22.5816218Z" id="d1ca3548-0cc9-450b-86d7-92b863654f23" type="0">
      <message>The package.json file does not specify node.js engine version constraints.</message>
    </entry>
    <entry time="2015-02-22T06:53:22.6066856Z" id="e205ebf8-e7f0-4091-8e65-a1580d263872" type="0">
      <message>The node.js application will run with the default node.js version 0.10.32.</message>
    </entry>
    <entry time="2015-02-22T06:53:27.8664162Z" id="cfa00d95-b9ad-428b-87c2-ba1932d44ab9" type="0">
      <message>Finished successfully.</message>
    </entry>
  </entry>
  <entry time="2015-02-22T06:53:28.0082117Z" id="36ee14d2-35dc-41cb-a376-69728c66f320" type="0">
    <message>Deployment successful.</message>
  </entry>
</entries>