﻿<?xml version="1.0" encoding="utf-8"?>
<deployment>
  <id>ce0a84b59e0812daf568597c322d801106ea8923</id>
  <author>Ken Chan</author>
  <deployer>microsoftny</deployer>
  <authorEmail>kchan923@gmail.com</authorEmail>
  <message>initial commit</message>
  <progress></progress>
  <status>Success</status>
  <statusText></statusText>
  <lastSuccessEndTime>2015-02-22T06:53:28.0416052Z</lastSuccessEndTime>
  <receivedTime>2015-02-22T06:53:04.5074153Z</receivedTime>
  <startTime>2015-02-22T06:53:07.6939099Z</startTime>
  <endTime>2015-02-22T06:53:28.0416052Z</endTime>
  <complete>True</complete>
  <is_temp>False</is_temp>
  <is_readonly>False</is_readonly>
</deployment>