﻿<?xml version="1.0" encoding="utf-8"?>
<entries>
  <entry time="2015-02-22T06:57:37.6861686Z" id="889b97bd-1761-4989-b880-ed33ada163c9" type="0">
    <message>Updating branch 'master'.</message>
  </entry>
  <entry time="2015-02-22T06:57:40.17216Z" id="409d57af-9823-4f77-adfe-20b2ac1351e5" type="0">
    <message>Updating submodules.</message>
  </entry>
  <entry time="2015-02-22T06:57:40.2396853Z" id="d839a704-6419-4000-91ec-15a5ba530767" type="0">
    <message>Preparing deployment for commit id '0923202fe0'.</message>
  </entry>
  <entry time="2015-02-22T06:57:46.0213149Z" id="99847851-e2bc-41b4-bd55-d7fc5289df17" type="0">
    <message>Generating deployment script.</message>
    <entry time="2015-02-22T06:57:46.1119692Z" id="f721b837-6b51-453e-9ed7-920b2d07c61d" type="0">
      <message>Using cached version of deployment script (command: 'azure -y --no-dot-deployment -r "D:\home\site\repository" -o "D:\home\site\deployments\tools" --node --sitePath "D:\home\site\repository"').</message>
    </entry>
  </entry>
  <entry time="2015-02-22T06:57:46.221319Z" id="5408108e-658f-4096-a18d-0d38b1c816aa" type="0">
    <message>Running deployment command...</message>
    <entry time="2015-02-22T06:57:46.2369237Z" id="895ea93a-8c98-4a22-bda5-2ecf960750e5" type="0">
      <message>Command: "D:\home\site\deployments\tools\deploy.cmd"</message>
    </entry>
    <entry time="2015-02-22T06:57:46.7369138Z" id="bbfac1f3-d66b-4fa1-9008-5930d0ce69ef" type="0">
      <message>Handling node.js deployment.</message>
    </entry>
    <entry time="2015-02-22T06:57:57.6410189Z" id="092b8caa-61b4-49fb-b2f9-840cd62030c5" type="0">
      <message>KuduSync.NET from: 'D:\home\site\repository' to: 'D:\home\site\wwwroot'</message>
    </entry>
    <entry time="2015-02-22T06:57:57.6722405Z" id="4556b23b-f98b-40f1-97c8-9c21716e2859" type="0">
      <message>Copying file: 'web.config'</message>
    </entry>
    <entry time="2015-02-22T06:57:57.6878706Z" id="efbee0ff-50ee-4960-afa3-2888b34bae56" type="0">
      <message>Copying file: 'public\data\civic.json'</message>
    </entry>
    <entry time="2015-02-22T06:57:57.7347398Z" id="c06cac3b-aaef-4cd9-af36-36c85ebfe382" type="0">
      <message>Copying file: 'public\scripts\visualization.js'</message>
    </entry>
    <entry time="2015-02-22T06:57:57.8128641Z" id="248b6be5-1d7c-4957-a176-e21807d187f3" type="0">
      <message>Copying file: 'public\scripts\visualization.min.js'</message>
    </entry>
    <entry time="2015-02-22T06:57:57.8441138Z" id="c0ddbdd0-6bd6-4aab-b87d-0b85fd08c76b" type="0">
      <message>The package.json file does not specify node.js engine version constraints.</message>
    </entry>
    <entry time="2015-02-22T06:57:57.8754045Z" id="c9d9b0d4-48d1-48fe-8fdf-9078bf029c50" type="0">
      <message>The node.js application will run with the default node.js version 0.10.32.</message>
    </entry>
    <entry time="2015-02-22T06:58:03.4646313Z" id="13adaf49-d6ee-4f47-abb5-273fc376ed49" type="0">
      <message>Finished successfully.</message>
    </entry>
  </entry>
  <entry time="2015-02-22T06:58:03.5740135Z" id="0d4cd782-af85-4675-8ce5-fff3b607a64f" type="0">
    <message>Deployment successful.</message>
  </entry>
</entries>