﻿<?xml version="1.0" encoding="utf-8"?>
<deployment>
  <id>0923202fe0b4e63eeddb09e2e93c00f3e00faf67</id>
  <author>Ken Chan</author>
  <deployer>microsoftny</deployer>
  <authorEmail>kchan923@gmail.com</authorEmail>
  <message>testing</message>
  <progress></progress>
  <status>Success</status>
  <statusText></statusText>
  <lastSuccessEndTime>2015-02-22T06:58:03.6226358Z</lastSuccessEndTime>
  <receivedTime>2015-02-22T06:57:37.5419713Z</receivedTime>
  <startTime>2015-02-22T06:57:40.2731326Z</startTime>
  <endTime>2015-02-22T06:58:03.6226358Z</endTime>
  <complete>True</complete>
  <is_temp>False</is_temp>
  <is_readonly>False</is_readonly>
</deployment>