﻿<?xml version="1.0" encoding="utf-8"?>
<entries>
  <entry time="2015-02-22T06:43:21.3336598Z" id="2ffb60e0-4aa4-46b4-a514-bf65fc53a407" type="0">
    <message>Updating branch 'master'.</message>
  </entry>
  <entry time="2015-02-22T06:43:24.0313486Z" id="2c6a7134-4f41-4ab7-87ca-4050e47edc3b" type="0">
    <message>Updating submodules.</message>
  </entry>
  <entry time="2015-02-22T06:43:24.1251558Z" id="469f9730-4d10-4805-a68c-9028cfe38aac" type="0">
    <message>Preparing deployment for commit id '3bd8fe0c8e'.</message>
  </entry>
  <entry time="2015-02-22T06:43:28.0314749Z" id="aa01be49-3a0c-4782-9731-1ff2f119e8c3" type="0">
    <message>Generating deployment script.</message>
    <entry time="2015-02-22T06:43:28.1043147Z" id="4a7c1a09-e2e5-48cd-bf6c-03db8dc1f4bd" type="0">
      <message>Using cached version of deployment script (command: 'azure -y --no-dot-deployment -r "D:\home\site\repository" -o "D:\home\site\deployments\tools" --node --sitePath "D:\home\site\repository"').</message>
    </entry>
  </entry>
  <entry time="2015-02-22T06:43:28.2343152Z" id="c7e3cdeb-b0f7-437a-a657-3037226c39a8" type="0">
    <message>Running deployment command...</message>
    <entry time="2015-02-22T06:43:28.2361021Z" id="a02f04a9-c03b-49fb-9ea2-b8026d925b8c" type="0">
      <message>Command: "D:\home\site\deployments\tools\deploy.cmd"</message>
    </entry>
    <entry time="2015-02-22T06:43:28.7204779Z" id="1ffb6486-e2dd-46e7-8dba-c411c81f0aa7" type="0">
      <message>Handling node.js deployment.</message>
    </entry>
    <entry time="2015-02-22T06:43:38.8772627Z" id="a782277b-8213-440b-af30-63af1c558003" type="0">
      <message>KuduSync.NET from: 'D:\home\site\repository' to: 'D:\home\site\wwwroot'</message>
    </entry>
    <entry time="2015-02-22T06:43:38.9084732Z" id="f0981828-ce14-4671-92f8-a30e1693ab44" type="0">
      <message>Copying file: 'web.config'</message>
    </entry>
    <entry time="2015-02-22T06:43:38.939769Z" id="d42f45fc-64ff-460b-a2bc-93deafbb1f57" type="0">
      <message>Copying file: 'public\data\civic.json'</message>
    </entry>
    <entry time="2015-02-22T06:43:38.9865961Z" id="41b4c641-ff0d-4ec0-97e2-f71d245cb640" type="0">
      <message>Copying file: 'public\scripts\visualization.js'</message>
    </entry>
    <entry time="2015-02-22T06:43:39.0803411Z" id="04f4482f-b03a-4c59-8b9c-7781fa21f760" type="0">
      <message>Copying file: 'public\scripts\visualization.min.js'</message>
    </entry>
    <entry time="2015-02-22T06:43:39.1115949Z" id="fba5f2a6-bfe1-495e-a3d6-4943e4caa4f6" type="0">
      <message>The package.json file does not specify node.js engine version constraints.</message>
    </entry>
    <entry time="2015-02-22T06:43:39.1428406Z" id="dbf90ac9-e1ac-4a85-b323-eb27f5dee06a" type="0">
      <message>The node.js application will run with the default node.js version 0.10.32.</message>
    </entry>
    <entry time="2015-02-22T06:43:44.6058163Z" id="272ac086-df4a-4bf6-8037-6760a5b71632" type="0">
      <message>Finished successfully.</message>
    </entry>
  </entry>
  <entry time="2015-02-22T06:43:44.7037538Z" id="2a3a91da-b23b-4ee6-b592-2dc2d8218ae7" type="0">
    <message>Deployment successful.</message>
  </entry>
</entries>