﻿<?xml version="1.0" encoding="utf-8"?>
<deployment>
  <id>3bd8fe0c8e544bef868782af6ced17ff77c8255d</id>
  <author>Ken Chan</author>
  <deployer>microsoftny</deployer>
  <authorEmail>kchan923@gmail.com</authorEmail>
  <message>initial commit</message>
  <progress></progress>
  <status>Success</status>
  <statusText></statusText>
  <lastSuccessEndTime>2015-02-22T06:43:44.7350489Z</lastSuccessEndTime>
  <receivedTime>2015-02-22T06:43:21.1760848Z</receivedTime>
  <startTime>2015-02-22T06:43:24.1719833Z</startTime>
  <endTime>2015-02-22T06:43:44.7350489Z</endTime>
  <complete>True</complete>
  <is_temp>False</is_temp>
  <is_readonly>False</is_readonly>
</deployment>